claim,schedule,seed_lane,stream_seed,d,n,T,beta1,beta2,eta,B0,avg_grad_l1,avg_grad_l2
3,paper,0,15850264139498295931,32,2,256,0.04419417382415922,0.04419417382415922,0.0016423758110424114,1,0.2997061888646201,0.06406258653737425
3,paper,1,15850264139498295931,32,2,256,0.04419417382415922,0.04419417382415922,0.0016423758110424114,1,0.33030638803074563,0.07016945421559904
3,paper,2,15850264139498295931,32,2,256,0.04419417382415922,0.04419417382415922,0.0016423758110424114,1,0.3125282952106329,0.06653000180147257
3,paper,3,15850264139498295931,32,2,256,0.04419417382415922,0.04419417382415922,0.0016423758110424114,1,0.30623915867255597,0.06478592655731233
3,paper,4,15850264139498295931,32,2,256,0.04419417382415922,0.04419417382415922,0.0016423758110424114,1,0.3065672657879355,0.06567579662692062
3,paper,5,15850264139498295931,32,2,256,0.04419417382415922,0.04419417382415922,0.0016423758110424114,1,0.30028829627209136,0.0648571411951594
3,paper,6,15850264139498295931,32,2,256,0.04419417382415922,0.04419417382415922,0.0016423758110424114,1,0.3001503757461099,0.06478626158487041
3,paper,7,15850264139498295931,32,2,256,0.04419417382415922,0.04419417382415922,0.0016423758110424114,1,0.32241688187291,0.06862813304106612
3,paper,8,15850264139498295931,32,2,256,0.04419417382415922,0.04419417382415922,0.0016423758110424114,1,0.3192310702877422,0.06814200131418954
3,paper,9,15850264139498295931,32,2,256,0.04419417382415922,0.04419417382415922,0.0016423758110424114,1,0.3066308611857969,0.06624683929936309
3,paper,10,15850264139498295931,32,2,256,0.04419417382415922,0.04419417382415922,0.0016423758110424114,1,0.31693347620219753,0.06687781254171576
3,paper,11,15850264139498295931,32,2,256,0.04419417382415922,0.04419417382415922,0.0016423758110424114,1,0.31700592252044374,0.06758586491346615
3,paper,12,15850264139498295931,32,2,256,0.04419417382415922,0.04419417382415922,0.0016423758110424114,1,0.29885946551143316,0.0632527166119939
3,paper,13,15850264139498295931,32,2,256,0.04419417382415922,0.04419417382415922,0.0016423758110424114,1,0.32585946054746573,0.06865666657201658
3,paper,14,15850264139498295931,32,2,256,0.04419417382415922,0.04419417382415922,0.0016423758110424114,1,0.28186637776839407,0.060816543677520374
3,paper,15,15850264139498295931,32,2,256,0.04419417382415922,0.04419417382415922,0.0016423758110424114,1,0.3128656821798755,0.06693887367047373
3,paper,0,5657121186284408080,32,2,512,0.03125000000000001,0.03125000000000001,0.0009765625,1,0.2680244002819653,0.057120607433466135
3,paper,1,5657121186284408080,32,2,512,0.03125000000000001,0.03125000000000001,0.0009765625,1,0.2604862990995281,0.05541521918383907
3,paper,2,5657121186284408080,32,2,512,0.03125000000000001,0.03125000000000001,0.0009765625,1,0.2576590782913268,0.054974784553611676
3,paper,3,5657121186284408080,32,2,512,0.03125000000000001,0.03125000000000001,0.0009765625,1,0.25223222158809694,0.05379906565102307
3,paper,4,5657121186284408080,32,2,512,0.03125000000000001,0.03125000000000001,0.0009765625,1,0.26597606721859496,0.05646070715255034
3,paper,5,5657121186284408080,32,2,512,0.03125000000000001,0.03125000000000001,0.0009765625,1,0.25911983584501636,0.05545609296840487
3,paper,6,5657121186284408080,32,2,512,0.03125000000000001,0.03125000000000001,0.0009765625,1,0.2581026023239727,0.055191596096233246
3,paper,7,5657121186284408080,32,2,512,0.03125000000000001,0.03125000000000001,0.0009765625,1,0.265233090031875,0.056551654909773756
3,paper,8,5657121186284408080,32,2,512,0.03125000000000001,0.03125000000000001,0.0009765625,1,0.2531540292487676,0.05423477719121584
3,paper,9,5657121186284408080,32,2,512,0.03125000000000001,0.03125000000000001,0.0009765625,1,0.2622641608874841,0.05543321493053004
3,paper,10,5657121186284408080,32,2,512,0.03125000000000001,0.03125000000000001,0.0009765625,1,0.2634501422170479,0.05662210133610461
3,paper,11,5657121186284408080,32,2,512,0.03125000000000001,0.03125000000000001,0.0009765625,1,0.2553798680047999,0.0548998303119119
3,paper,12,5657121186284408080,32,2,512,0.03125000000000001,0.03125000000000001,0.0009765625,1,0.2470058718270586,0.0530714157788624
3,paper,13,5657121186284408080,32,2,512,0.03125000000000001,0.03125000000000001,0.0009765625,1,0.26314863283801254,0.05632727695330139
3,paper,14,5657121186284408080,32,2,512,0.03125000000000001,0.03125000000000001,0.0009765625,1,0.2628087319932776,0.05668625352172718
3,paper,15,5657121186284408080,32,2,512,0.03125000000000001,0.03125000000000001,0.0009765625,1,0.2644170796979261,0.05616568322351867
3,paper,0,13114525832596921289,32,2,1024,0.02209708691207961,0.02209708691207961,0.0005806675366224225,1,0.21230288781593826,0.046070564749648255
3,paper,1,13114525832596921289,32,2,1024,0.02209708691207961,0.02209708691207961,0.0005806675366224225,1,0.2150708987478933,0.045917215112376064
3,paper,2,13114525832596921289,32,2,1024,0.02209708691207961,0.02209708691207961,0.0005806675366224225,1,0.21330541200375408,0.04634081149996437
3,paper,3,13114525832596921289,32,2,1024,0.02209708691207961,0.02209708691207961,0.0005806675366224225,1,0.22239495666664874,0.04715954521241548
3,paper,4,13114525832596921289,32,2,1024,0.02209708691207961,0.02209708691207961,0.0005806675366224225,1,0.21435581348933916,0.04575218448983067
3,paper,5,13114525832596921289,32,2,1024,0.02209708691207961,0.02209708691207961,0.0005806675366224225,1,0.21652589924269705,0.04601600435067141
3,paper,6,13114525832596921289,32,2,1024,0.02209708691207961,0.02209708691207961,0.0005806675366224225,1,0.21613374639796135,0.04618326195879033
3,paper,7,13114525832596921289,32,2,1024,0.02209708691207961,0.02209708691207961,0.0005806675366224225,1,0.2137731288920888,0.045872254630940655
3,paper,8,13114525832596921289,32,2,1024,0.02209708691207961,0.02209708691207961,0.0005806675366224225,1,0.2121580847745897,0.045644986803296116
3,paper,9,13114525832596921289,32,2,1024,0.02209708691207961,0.02209708691207961,0.0005806675366224225,1,0.21124564659205353,0.045512838955239096
3,paper,10,13114525832596921289,32,2,1024,0.02209708691207961,0.02209708691207961,0.0005806675366224225,1,0.21416487622678496,0.04567579889219208
3,paper,11,13114525832596921289,32,2,1024,0.02209708691207961,0.02209708691207961,0.0005806675366224225,1,0.21580547441736275,0.046355285063905724
3,paper,12,13114525832596921289,32,2,1024,0.02209708691207961,0.02209708691207961,0.0005806675366224225,1,0.22676320851622417,0.04779973185372092
3,paper,13,13114525832596921289,32,2,1024,0.02209708691207961,0.02209708691207961,0.0005806675366224225,1,0.21355745828327902,0.04581520122549686
3,paper,14,13114525832596921289,32,2,1024,0.02209708691207961,0.02209708691207961,0.0005806675366224225,1,0.2154697357971176,0.04583134202143946
3,paper,15,13114525832596921289,32,2,1024,0.02209708691207961,0.02209708691207961,0.0005806675366224225,1,0.2101645910865517,0.045172510751397686
3,paper,0,15537102349249219406,32,2,2048,0.015625000000000003,0.015625000000000003,0.00034526698300124393,1,0.17562605315047744,0.03771702345583233
3,paper,1,15537102349249219406,32,2,2048,0.015625000000000003,0.015625000000000003,0.00034526698300124393,1,0.17541556120021318,0.03797212722523072
3,paper,2,15537102349249219406,32,2,2048,0.015625000000000003,0.015625000000000003,0.00034526698300124393,1,0.18238119828900434,0.039033270779328236
3,paper,3,15537102349249219406,32,2,2048,0.015625000000000003,0.015625000000000003,0.00034526698300124393,1,0.17629804523177653,0.03800161759355751
3,paper,4,15537102349249219406,32,2,2048,0.015625000000000003,0.015625000000000003,0.00034526698300124393,1,0.18187929156539903,0.03898590826457554
3,paper,5,15537102349249219406,32,2,2048,0.015625000000000003,0.015625000000000003,0.00034526698300124393,1,0.17429479520580804,0.037592524374077514
3,paper,6,15537102349249219406,32,2,2048,0.015625000000000003,0.015625000000000003,0.00034526698300124393,1,0.17748636028247525,0.03805296215792555
3,paper,7,15537102349249219406,32,2,2048,0.015625000000000003,0.015625000000000003,0.00034526698300124393,1,0.1821402728585335,0.039268408759533344
3,paper,8,15537102349249219406,32,2,2048,0.015625000000000003,0.015625000000000003,0.00034526698300124393,1,0.17737905198748383,0.03833831824871552
3,paper,9,15537102349249219406,32,2,2048,0.015625000000000003,0.015625000000000003,0.00034526698300124393,1,0.1834097571044518,0.03939479712245552
3,paper,10,15537102349249219406,32,2,2048,0.015625000000000003,0.015625000000000003,0.00034526698300124393,1,0.1785547373002574,0.03826427751507823
3,paper,11,15537102349249219406,32,2,2048,0.015625000000000003,0.015625000000000003,0.00034526698300124393,1,0.18228289450723634,0.03895659388025902
3,paper,12,15537102349249219406,32,2,2048,0.015625000000000003,0.015625000000000003,0.00034526698300124393,1,0.1858729035677653,0.039223421913647465
3,paper,13,15537102349249219406,32,2,2048,0.015625000000000003,0.015625000000000003,0.00034526698300124393,1,0.17370820597091002,0.037248506268782546
3,paper,14,15537102349249219406,32,2,2048,0.015625000000000003,0.015625000000000003,0.00034526698300124393,1,0.18005413743609514,0.038529721633151506
3,paper,15,15537102349249219406,32,2,2048,0.015625000000000003,0.015625000000000003,0.00034526698300124393,1,0.18088619049637125,0.03882873638722055
3,paper,0,8497875633567534570,32,4,256,0.0625,0.0625,0.0019531250000000004,1,0.2713384797458978,0.058088512189851844
3,paper,1,8497875633567534570,32,4,256,0.0625,0.0625,0.0019531250000000004,1,0.26271654436927805,0.056512247700971754
3,paper,2,8497875633567534570,32,4,256,0.0625,0.0625,0.0019531250000000004,1,0.2639421245043143,0.05698320395614273
3,paper,3,8497875633567534570,32,4,256,0.0625,0.0625,0.0019531250000000004,1,0.25811659285644095,0.054814107754407725
3,paper,4,8497875633567534570,32,4,256,0.0625,0.0625,0.0019531250000000004,1,0.2643552515524717,0.056854772526903255
3,paper,5,8497875633567534570,32,4,256,0.0625,0.0625,0.0019531250000000004,1,0.26392882808504553,0.05680386188625056
3,paper,6,8497875633567534570,32,4,256,0.0625,0.0625,0.0019531250000000004,1,0.27146237098131315,0.0577729233804645
3,paper,7,8497875633567534570,32,4,256,0.0625,0.0625,0.0019531250000000004,1,0.2674958804464785,0.05758462554941156
3,paper,8,8497875633567534570,32,4,256,0.0625,0.0625,0.0019531250000000004,1,0.2540680584822377,0.05441599255863507
3,paper,9,8497875633567534570,32,4,256,0.0625,0.0625,0.0019531250000000004,1,0.2629784601830569,0.056372199270635845
3,paper,10,8497875633567534570,32,4,256,0.0625,0.0625,0.0019531250000000004,1,0.2608303743699098,0.05550296376426844
3,paper,11,8497875633567534570,32,4,256,0.0625,0.0625,0.0019531250000000004,1,0.2627308178628933,0.05640680676785608
3,paper,12,8497875633567534570,32,4,256,0.0625,0.0625,0.0019531250000000004,1,0.2679366231293624,0.05730751329774966
3,paper,13,8497875633567534570,32,4,256,0.0625,0.0625,0.0019531250000000004,1,0.26201453744037784,0.05624368749929281
3,paper,14,8497875633567534570,32,4,256,0.0625,0.0625,0.0019531250000000004,1,0.2707186510515305,0.058113818001192204
3,paper,15,8497875633567534570,32,4,256,0.0625,0.0625,0.0019531250000000004,1,0.2688736911251188,0.057188518404379676
3,paper,0,5235995795885867157,32,4,512,0.04419417382415922,0.04419417382415922,0.001161335073244845,1,0.22580370730628774,0.04848265277908301
3,paper,1,5235995795885867157,32,4,512,0.04419417382415922,0.04419417382415922,0.001161335073244845,1,0.21911271075083516,0.047203223268364784
3,paper,2,5235995795885867157,32,4,512,0.04419417382415922,0.04419417382415922,0.001161335073244845,1,0.23443969378829307,0.04978376212534675
3,paper,3,5235995795885867157,32,4,512,0.04419417382415922,0.04419417382415922,0.001161335073244845,1,0.22630710623943986,0.04865610855819566
3,paper,4,5235995795885867157,32,4,512,0.04419417382415922,0.04419417382415922,0.001161335073244845,1,0.22530394689276464,0.048349092378466324
3,paper,5,5235995795885867157,32,4,512,0.04419417382415922,0.04419417382415922,0.001161335073244845,1,0.21617693459685886,0.04633755698532229
3,paper,6,5235995795885867157,32,4,512,0.04419417382415922,0.04419417382415922,0.001161335073244845,1,0.22525075267151587,0.04809570672340291
3,paper,7,5235995795885867157,32,4,512,0.04419417382415922,0.04419417382415922,0.001161335073244845,1,0.22465276772908332,0.04832649690796262
3,paper,8,5235995795885867157,32,4,512,0.04419417382415922,0.04419417382415922,0.001161335073244845,1,0.21453921257074265,0.046046557761468425
3,paper,9,5235995795885867157,32,4,512,0.04419417382415922,0.04419417382415922,0.001161335073244845,1,0.2181422733024266,0.04725909609726356
3,paper,10,5235995795885867157,32,4,512,0.04419417382415922,0.04419417382415922,0.001161335073244845,1,0.2214183824506901,0.04749350392540022
3,paper,11,5235995795885867157,32,4,512,0.04419417382415922,0.04419417382415922,0.001161335073244845,1,0.22895260820484992,0.049146411420263665
3,paper,12,5235995795885867157,32,4,512,0.04419417382415922,0.04419417382415922,0.001161335073244845,1,0.22022673781718333,0.046884004439119366
3,paper,13,5235995795885867157,32,4,512,0.04419417382415922,0.04419417382415922,0.001161335073244845,1,0.2158534706008717,0.046107806596800534
3,paper,14,5235995795885867157,32,4,512,0.04419417382415922,0.04419417382415922,0.001161335073244845,1,0.21880541220031385,0.04693817170215824
3,paper,15,5235995795885867157,32,4,512,0.04419417382415922,0.04419417382415922,0.001161335073244845,1,0.2276463934533647,0.048275741911867225
3,paper,0,4579960113578698136,32,4,1024,0.03125,0.03125,0.000690533966002488,1,0.1922833577312687,0.04126194957424653
3,paper,1,4579960113578698136,32,4,1024,0.03125,0.03125,0.000690533966002488,1,0.18524671598920062,0.03961672012959856
3,paper,2,4579960113578698136,32,4,1024,0.03125,0.03125,0.000690533966002488,1,0.18943589284635054,0.040763289884958635
3,paper,3,4579960113578698136,32,4,1024,0.03125,0.03125,0.000690533966002488,1,0.1802577268022954,0.038535395701599556
3,paper,4,4579960113578698136,32,4,1024,0.03125,0.03125,0.000690533966002488,1,0.1826779803005198,0.03931421601496987
3,paper,5,4579960113578698136,32,4,1024,0.03125,0.03125,0.000690533966002488,1,0.18525408152396447,0.03984231907415845
3,paper,6,4579960113578698136,32,4,1024,0.03125,0.03125,0.000690533966002488,1,0.18103076693919348,0.03904141848400961
3,paper,7,4579960113578698136,32,4,1024,0.03125,0.03125,0.000690533966002488,1,0.18999104755186105,0.040493865407056955
3,paper,8,4579960113578698136,32,4,1024,0.03125,0.03125,0.000690533966002488,1,0.19008464590159463,0.040625503246964415
3,paper,9,4579960113578698136,32,4,1024,0.03125,0.03125,0.000690533966002488,1,0.18597212131387109,0.03997747464160182
3,paper,10,4579960113578698136,32,4,1024,0.03125,0.03125,0.000690533966002488,1,0.18498123900094926,0.03977792114998045
3,paper,11,4579960113578698136,32,4,1024,0.03125,0.03125,0.000690533966002488,1,0.18204398182268258,0.03910614381254896
3,paper,12,4579960113578698136,32,4,1024,0.03125,0.03125,0.000690533966002488,1,0.18338518882325938,0.03933271074286563
3,paper,13,4579960113578698136,32,4,1024,0.03125,0.03125,0.000690533966002488,1,0.1820840801191057,0.03890743166449093
3,paper,14,4579960113578698136,32,4,1024,0.03125,0.03125,0.000690533966002488,1,0.18655418679956584,0.03995840673782229
3,paper,15,4579960113578698136,32,4,1024,0.03125,0.03125,0.000690533966002488,1,0.18740761479888932,0.040381651729184016
3,paper,0,9723626731770948794,32,4,2048,0.02209708691207961,0.02209708691207961,0.0004105939527606029,1,0.15803694400836862,0.03381724866982065
3,paper,1,9723626731770948794,32,4,2048,0.02209708691207961,0.02209708691207961,0.0004105939527606029,1,0.15193276235721606,0.03272877690872991
3,paper,2,9723626731770948794,32,4,2048,0.02209708691207961,0.02209708691207961,0.0004105939527606029,1,0.1534152693396963,0.033098546845596544
3,paper,3,9723626731770948794,32,4,2048,0.02209708691207961,0.02209708691207961,0.0004105939527606029,1,0.1550484549494606,0.03316982673511013
3,paper,4,9723626731770948794,32,4,2048,0.02209708691207961,0.02209708691207961,0.0004105939527606029,1,0.1559854705278041,0.03353466535231039
3,paper,5,9723626731770948794,32,4,2048,0.02209708691207961,0.02209708691207961,0.0004105939527606029,1,0.15407921713984174,0.033013989224843054
3,paper,6,9723626731770948794,32,4,2048,0.02209708691207961,0.02209708691207961,0.0004105939527606029,1,0.15273776110577117,0.032771549619311294
3,paper,7,9723626731770948794,32,4,2048,0.02209708691207961,0.02209708691207961,0.0004105939527606029,1,0.15454564551094635,0.03332026571536099
3,paper,8,9723626731770948794,32,4,2048,0.02209708691207961,0.02209708691207961,0.0004105939527606029,1,0.15651896213634406,0.0336200755620351
3,paper,9,9723626731770948794,32,4,2048,0.02209708691207961,0.02209708691207961,0.0004105939527606029,1,0.15362226780601004,0.03319413538879485
3,paper,10,9723626731770948794,32,4,2048,0.02209708691207961,0.02209708691207961,0.0004105939527606029,1,0.15541797003824367,0.03328422121202339
3,paper,11,9723626731770948794,32,4,2048,0.02209708691207961,0.02209708691207961,0.0004105939527606029,1,0.15449314345909637,0.03312697354134048
3,paper,12,9723626731770948794,32,4,2048,0.02209708691207961,0.02209708691207961,0.0004105939527606029,1,0.15542880979952528,0.03341511253070502
3,paper,13,9723626731770948794,32,4,2048,0.02209708691207961,0.02209708691207961,0.0004105939527606029,1,0.15827359200358765,0.033848168756500555
3,paper,14,9723626731770948794,32,4,2048,0.02209708691207961,0.02209708691207961,0.0004105939527606029,1,0.15610096579864163,0.03339853834606688
3,paper,15,9723626731770948794,32,4,2048,0.02209708691207961,0.02209708691207961,0.0004105939527606029,1,0.15430896093449586,0.033188344256269625
3,paper,0,15890768607402496996,32,8,256,0.08838834764831845,0.08838834764831845,0.0023226701464896895,1,0.2207345812884074,0.04760378936037935
3,paper,1,15890768607402496996,32,8,256,0.08838834764831845,0.08838834764831845,0.0023226701464896895,1,0.22402270624468681,0.04822795877397435
3,paper,2,15890768607402496996,32,8,256,0.08838834764831845,0.08838834764831845,0.0023226701464896895,1,0.2230663999557342,0.04774480013035769
3,paper,3,15890768607402496996,32,8,256,0.08838834764831845,0.08838834764831845,0.0023226701464896895,1,0.220734460597847,0.047735269225441614
3,paper,4,15890768607402496996,32,8,256,0.08838834764831845,0.08838834764831845,0.0023226701464896895,1,0.22450904632557545,0.048444390645714396
3,paper,5,15890768607402496996,32,8,256,0.08838834764831845,0.08838834764831845,0.0023226701464896895,1,0.21588601885959047,0.04678920608846564
3,paper,6,15890768607402496996,32,8,256,0.08838834764831845,0.08838834764831845,0.0023226701464896895,1,0.22252967735621865,0.047641045452624375
3,paper,7,15890768607402496996,32,8,256,0.08838834764831845,0.08838834764831845,0.0023226701464896895,1,0.22549886894736368,0.04850764086112686
3,paper,8,15890768607402496996,32,8,256,0.08838834764831845,0.08838834764831845,0.0023226701464896895,1,0.2170102484314653,0.04692562131738052
3,paper,9,15890768607402496996,32,8,256,0.08838834764831845,0.08838834764831845,0.0023226701464896895,1,0.2253982918901122,0.04838351382576949
3,paper,10,15890768607402496996,32,8,256,0.08838834764831845,0.08838834764831845,0.0023226701464896895,1,0.22365357875125344,0.04825299823781805
3,paper,11,15890768607402496996,32,8,256,0.08838834764831845,0.08838834764831845,0.0023226701464896895,1,0.2177482613586174,0.04687735858088696
3,paper,12,15890768607402496996,32,8,256,0.08838834764831845,0.08838834764831845,0.0023226701464896895,1,0.22737800410834583,0.048831690505238175
3,paper,13,15890768607402496996,32,8,256,0.08838834764831845,0.08838834764831845,0.0023226701464896895,1,0.22667317453990082,0.048780025437917464
3,paper,14,15890768607402496996,32,8,256,0.08838834764831845,0.08838834764831845,0.0023226701464896895,1,0.21603704061358617,0.046813072814323134
3,paper,15,15890768607402496996,32,8,256,0.08838834764831845,0.08838834764831845,0.0023226701464896895,1,0.21937547695084247,0.047343402002333015
3,paper,0,7541688382419892245,32,8,512,0.06250000000000001,0.06250000000000001,0.0013810679320049755,1,0.18005194012806258,0.03872324569444026
3,paper,1,7541688382419892245,32,8,512,0.06250000000000001,0.06250000000000001,0.0013810679320049755,1,0.1825707691637744,0.03940532369008046
3,paper,2,7541688382419892245,32,8,512,0.06250000000000001,0.06250000000000001,0.0013810679320049755,1,0.1857529513172106,0.03991907698900924
3,paper,3,7541688382419892245,32,8,512,0.06250000000000001,0.06250000000000001,0.0013810679320049755,1,0.18275538706834046,0.03902945514021582
3,paper,4,7541688382419892245,32,8,512,0.06250000000000001,0.06250000000000001,0.0013810679320049755,1,0.19051616921076164,0.040850201630905
3,paper,5,7541688382419892245,32,8,512,0.06250000000000001,0.06250000000000001,0.0013810679320049755,1,0.18512449365464223,0.03977212909202903
3,paper,6,7541688382419892245,32,8,512,0.06250000000000001,0.06250000000000001,0.0013810679320049755,1,0.1806754179052341,0.039118771202402744
3,paper,7,7541688382419892245,32,8,512,0.06250000000000001,0.06250000000000001,0.0013810679320049755,1,0.184012135293826,0.039644899547416845
3,paper,8,7541688382419892245,32,8,512,0.06250000000000001,0.06250000000000001,0.0013810679320049755,1,0.18505968202285428,0.039821380679785856
3,paper,9,7541688382419892245,32,8,512,0.06250000000000001,0.06250000000000001,0.0013810679320049755,1,0.18530396885395842,0.03997437723615841
3,paper,10,7541688382419892245,32,8,512,0.06250000000000001,0.06250000000000001,0.0013810679320049755,1,0.18167306079618603,0.0391658214008804
3,paper,11,7541688382419892245,32,8,512,0.06250000000000001,0.06250000000000001,0.0013810679320049755,1,0.18150341343654058,0.03912637067355493
3,paper,12,7541688382419892245,32,8,512,0.06250000000000001,0.06250000000000001,0.0013810679320049755,1,0.1883664169459325,0.04053232690383791
3,paper,13,7541688382419892245,32,8,512,0.06250000000000001,0.06250000000000001,0.0013810679320049755,1,0.18465562655045292,0.03969090464693828
3,paper,14,7541688382419892245,32,8,512,0.06250000000000001,0.06250000000000001,0.0013810679320049755,1,0.18395740606822164,0.039503507607189924
3,paper,15,7541688382419892245,32,8,512,0.06250000000000001,0.06250000000000001,0.0013810679320049755,1,0.18089990392818844,0.038918590220616035
3,paper,0,13917429558763725505,32,8,1024,0.04419417382415922,0.04419417382415922,0.0008211879055212057,1,0.15830780513720943,0.03408247417715645
3,paper,1,13917429558763725505,32,8,1024,0.04419417382415922,0.04419417382415922,0.0008211879055212057,1,0.15806756237876224,0.0339996475393951
3,paper,2,13917429558763725505,32,8,1024,0.04419417382415922,0.04419417382415922,0.0008211879055212057,1,0.15629996160171158,0.033502507857995835
3,paper,3,13917429558763725505,32,8,1024,0.04419417382415922,0.04419417382415922,0.0008211879055212057,1,0.15536429107460908,0.03332743622746582
3,paper,4,13917429558763725505,32,8,1024,0.04419417382415922,0.04419417382415922,0.0008211879055212057,1,0.15356998331354918,0.03303142205875075
3,paper,5,13917429558763725505,32,8,1024,0.04419417382415922,0.04419417382415922,0.0008211879055212057,1,0.15245489712718938,0.03281819037664544
3,paper,6,13917429558763725505,32,8,1024,0.04419417382415922,0.04419417382415922,0.0008211879055212057,1,0.1508296424663525,0.032493668779139805
3,paper,7,13917429558763725505,32,8,1024,0.04419417382415922,0.04419417382415922,0.0008211879055212057,1,0.15499801137874625,0.03332102727254121
3,paper,8,13917429558763725505,32,8,1024,0.04419417382415922,0.04419417382415922,0.0008211879055212057,1,0.15447600229572553,0.03315454080970174
3,paper,9,13917429558763725505,32,8,1024,0.04419417382415922,0.04419417382415922,0.0008211879055212057,1,0.1562065804654388,0.03358705102498191
3,paper,10,13917429558763725505,32,8,1024,0.04419417382415922,0.04419417382415922,0.0008211879055212057,1,0.157382408164989,0.03379887258635917
3,paper,11,13917429558763725505,32,8,1024,0.04419417382415922,0.04419417382415922,0.0008211879055212057,1,0.15783624134904828,0.03377507537445486
3,paper,12,13917429558763725505,32,8,1024,0.04419417382415922,0.04419417382415922,0.0008211879055212057,1,0.15383985364529337,0.033113941023123164
3,paper,13,13917429558763725505,32,8,1024,0.04419417382415922,0.04419417382415922,0.0008211879055212057,1,0.15735876293746837,0.03365289138698411
3,paper,14,13917429558763725505,32,8,1024,0.04419417382415922,0.04419417382415922,0.0008211879055212057,1,0.1532778583942171,0.03296534303961174
3,paper,15,13917429558763725505,32,8,1024,0.04419417382415922,0.04419417382415922,0.0008211879055212057,1,0.15270989547167432,0.03297010581289271
3,paper,0,12218840423489656733,32,8,2048,0.03125000000000001,0.03125000000000001,0.00048828124999999995,1,0.12891746880909302,0.027803270968940672
3,paper,1,12218840423489656733,32,8,2048,0.03125000000000001,0.03125000000000001,0.00048828124999999995,1,0.13168962465524853,0.02822102528841207
3,paper,2,12218840423489656733,32,8,2048,0.03125000000000001,0.03125000000000001,0.00048828124999999995,1,0.12938741208958546,0.02782732142027893
3,paper,3,12218840423489656733,32,8,2048,0.03125000000000001,0.03125000000000001,0.00048828124999999995,1,0.13010072951103044,0.02805971917032256
3,paper,4,12218840423489656733,32,8,2048,0.03125000000000001,0.03125000000000001,0.00048828124999999995,1,0.13081626057892237,0.028128553899267054
3,paper,5,12218840423489656733,32,8,2048,0.03125000000000001,0.03125000000000001,0.00048828124999999995,1,0.13309331538153213,0.028608881421935767
3,paper,6,12218840423489656733,32,8,2048,0.03125000000000001,0.03125000000000001,0.00048828124999999995,1,0.12973703077333754,0.027870490548621847
3,paper,7,12218840423489656733,32,8,2048,0.03125000000000001,0.03125000000000001,0.00048828124999999995,1,0.13071620673175688,0.028081039630188563
3,paper,8,12218840423489656733,32,8,2048,0.03125000000000001,0.03125000000000001,0.00048828124999999995,1,0.12902591089585014,0.02781883708486612
3,paper,9,12218840423489656733,32,8,2048,0.03125000000000001,0.03125000000000001,0.00048828124999999995,1,0.12960696285909723,0.027952246240610077
3,paper,10,12218840423489656733,32,8,2048,0.03125000000000001,0.03125000000000001,0.00048828124999999995,1,0.12852021739832084,0.02769105476690715
3,paper,11,12218840423489656733,32,8,2048,0.03125000000000001,0.03125000000000001,0.00048828124999999995,1,0.12893418685291355,0.027733657598073207
3,paper,12,12218840423489656733,32,8,2048,0.03125000000000001,0.03125000000000001,0.00048828124999999995,1,0.13204410197027389,0.02831242912862739
3,paper,13,12218840423489656733,32,8,2048,0.03125000000000001,0.03125000000000001,0.00048828124999999995,1,0.12993713980900296,0.02802538733934047
3,paper,14,12218840423489656733,32,8,2048,0.03125000000000001,0.03125000000000001,0.00048828124999999995,1,0.1308475449223826,0.02817417821978385
3,paper,15,12218840423489656733,32,8,2048,0.03125000000000001,0.03125000000000001,0.00048828124999999995,1,0.1315745682365041,0.0282114855440624
3,paper,0,18246254600213239049,128,2,256,0.04419417382415922,0.04419417382415922,0.0008211879055212057,1,0.616698955171239,0.06591538605135132
3,paper,1,18246254600213239049,128,2,256,0.04419417382415922,0.04419417382415922,0.0008211879055212057,1,0.6234972886765616,0.06697455004220351
3,paper,2,18246254600213239049,128,2,256,0.04419417382415922,0.04419417382415922,0.0008211879055212057,1,0.6170698782204833,0.06606260628185594
3,paper,3,18246254600213239049,128,2,256,0.04419417382415922,0.04419417382415922,0.0008211879055212057,1,0.6136864967129569,0.06580746298650597
3,paper,4,18246254600213239049,128,2,256,0.04419417382415922,0.04419417382415922,0.0008211879055212057,1,0.6256680477930534,0.06682805243766328
3,paper,5,18246254600213239049,128,2,256,0.04419417382415922,0.04419417382415922,0.0008211879055212057,1,0.6282305764715967,0.06687265106776398
3,paper,6,18246254600213239049,128,2,256,0.04419417382415922,0.04419417382415922,0.0008211879055212057,1,0.6323765351564917,0.06767076216518592
3,paper,7,18246254600213239049,128,2,256,0.04419417382415922,0.04419417382415922,0.0008211879055212057,1,0.6297130685154243,0.06724958789684485
3,paper,8,18246254600213239049,128,2,256,0.04419417382415922,0.04419417382415922,0.0008211879055212057,1,0.6138501710576842,0.06608848608597628
3,paper,9,18246254600213239049,128,2,256,0.04419417382415922,0.04419417382415922,0.0008211879055212057,1,0.6313071723912203,0.0672786122214388
3,paper,10,18246254600213239049,128,2,256,0.04419417382415922,0.04419417382415922,0.0008211879055212057,1,0.6183347179706485,0.06647831258145784
3,paper,11,18246254600213239049,128,2,256,0.04419417382415922,0.04419417382415922,0.0008211879055212057,1,0.6386398949849686,0.067879311991261
3,paper,12,18246254600213239049,128,2,256,0.04419417382415922,0.04419417382415922,0.0008211879055212057,1,0.624042641051056,0.06686541554651265
3,paper,13,18246254600213239049,128,2,256,0.04419417382415922,0.04419417382415922,0.0008211879055212057,1,0.6278815173883182,0.06672102478972096
3,paper,14,18246254600213239049,128,2,256,0.04419417382415922,0.04419417382415922,0.0008211879055212057,1,0.6143056408762636,0.06609856044212904
3,paper,15,18246254600213239049,128,2,256,0.04419417382415922,0.04419417382415922,0.0008211879055212057,1,0.6289345851158907,0.06707560874387677
3,paper,0,8167093968886850156,128,2,512,0.03125000000000001,0.03125000000000001,0.00048828125,1,0.5203459454437891,0.0557748670574376
3,paper,1,8167093968886850156,128,2,512,0.03125000000000001,0.03125000000000001,0.00048828125,1,0.5142101086945914,0.05501210553350045
3,paper,2,8167093968886850156,128,2,512,0.03125000000000001,0.03125000000000001,0.00048828125,1,0.5249692161171523,0.05605950938710051
3,paper,3,8167093968886850156,128,2,512,0.03125000000000001,0.03125000000000001,0.00048828125,1,0.5358436142850025,0.05683141224561482
3,paper,4,8167093968886850156,128,2,512,0.03125000000000001,0.03125000000000001,0.00048828125,1,0.516560261768711,0.055467278828158065
3,paper,5,8167093968886850156,128,2,512,0.03125000000000001,0.03125000000000001,0.00048828125,1,0.5167978672913871,0.05539586823569377
3,paper,6,8167093968886850156,128,2,512,0.03125000000000001,0.03125000000000001,0.00048828125,1,0.5114600111849982,0.05496116221421271
3,paper,7,8167093968886850156,128,2,512,0.03125000000000001,0.03125000000000001,0.00048828125,1,0.5105957855745905,0.05504640018212218
3,paper,8,8167093968886850156,128,2,512,0.03125000000000001,0.03125000000000001,0.00048828125,1,0.5195761369380428,0.055745747006722336
3,paper,9,8167093968886850156,128,2,512,0.03125000000000001,0.03125000000000001,0.00048828125,1,0.5264961825589152,0.05619236887422925
3,paper,10,8167093968886850156,128,2,512,0.03125000000000001,0.03125000000000001,0.00048828125,1,0.5200091133831929,0.055635755683243256
3,paper,11,8167093968886850156,128,2,512,0.03125000000000001,0.03125000000000001,0.00048828125,1,0.5146713190693871,0.05550968390856472
3,paper,12,8167093968886850156,128,2,512,0.03125000000000001,0.03125000000000001,0.00048828125,1,0.5172040541872415,0.0554416412874933
3,paper,13,8167093968886850156,128,2,512,0.03125000000000001,0.03125000000000001,0.00048828125,1,0.5219753561113804,0.0560020905022177
3,paper,14,8167093968886850156,128,2,512,0.03125000000000001,0.03125000000000001,0.00048828125,1,0.5175928653171274,0.05543424172487039
3,paper,15,8167093968886850156,128,2,512,0.03125000000000001,0.03125000000000001,0.00048828125,1,0.5119306901308328,0.054977143184327545
3,paper,0,11381030667889592774,128,2,1024,0.02209708691207961,0.02209708691207961,0.00029033376831121124,1,0.42238638574327136,0.045487333997354364
3,paper,1,11381030667889592774,128,2,1024,0.02209708691207961,0.02209708691207961,0.00029033376831121124,1,0.4333515059652825,0.04641888818053893
3,paper,2,11381030667889592774,128,2,1024,0.02209708691207961,0.02209708691207961,0.00029033376831121124,1,0.43154600248996655,0.04625297084180053
3,paper,3,11381030667889592774,128,2,1024,0.02209708691207961,0.02209708691207961,0.00029033376831121124,1,0.43238236536477104,0.04651769022573524
3,paper,4,11381030667889592774,128,2,1024,0.02209708691207961,0.02209708691207961,0.00029033376831121124,1,0.4276341459482706,0.04594457313515455
3,paper,5,11381030667889592774,128,2,1024,0.02209708691207961,0.02209708691207961,0.00029033376831121124,1,0.42936012051813593,0.04613722232924574
3,paper,6,11381030667889592774,128,2,1024,0.02209708691207961,0.02209708691207961,0.00029033376831121124,1,0.4349419266751032,0.04670996792795307
3,paper,7,11381030667889592774,128,2,1024,0.02209708691207961,0.02209708691207961,0.00029033376831121124,1,0.43787914157575714,0.04689427163295056
3,paper,8,11381030667889592774,128,2,1024,0.02209708691207961,0.02209708691207961,0.00029033376831121124,1,0.42596463767666476,0.04612137835616918
3,paper,9,11381030667889592774,128,2,1024,0.02209708691207961,0.02209708691207961,0.00029033376831121124,1,0.42226888319453987,0.04548560994535107
3,paper,10,11381030667889592774,128,2,1024,0.02209708691207961,0.02209708691207961,0.00029033376831121124,1,0.4238272706706065,0.04584730994561229
3,paper,11,11381030667889592774,128,2,1024,0.02209708691207961,0.02209708691207961,0.00029033376831121124,1,0.4245330720521403,0.04571819262650884
3,paper,12,11381030667889592774,128,2,1024,0.02209708691207961,0.02209708691207961,0.00029033376831121124,1,0.42368550378364955,0.04577038230151896
3,paper,13,11381030667889592774,128,2,1024,0.02209708691207961,0.02209708691207961,0.00029033376831121124,1,0.431608311874776,0.0464654816579261
3,paper,14,11381030667889592774,128,2,1024,0.02209708691207961,0.02209708691207961,0.00029033376831121124,1,0.43910428842144583,0.04692756171779025
3,paper,15,11381030667889592774,128,2,1024,0.02209708691207961,0.02209708691207961,0.00029033376831121124,1,0.4261406163990048,0.045995439801040636
3,paper,0,5370251477816736958,128,2,2048,0.015625000000000003,0.015625000000000003,0.00017263349150062197,1,0.36608101548663896,0.03932158331244245
3,paper,1,5370251477816736958,128,2,2048,0.015625000000000003,0.015625000000000003,0.00017263349150062197,1,0.36427824581828877,0.03925855163005486
3,paper,2,5370251477816736958,128,2,2048,0.015625000000000003,0.015625000000000003,0.00017263349150062197,1,0.36094094243298996,0.03880848837197014
3,paper,3,5370251477816736958,128,2,2048,0.015625000000000003,0.015625000000000003,0.00017263349150062197,1,0.3583985832096687,0.03865340700547343
3,paper,4,5370251477816736958,128,2,2048,0.015625000000000003,0.015625000000000003,0.00017263349150062197,1,0.3576286311634031,0.038509519718174665
3,paper,5,5370251477816736958,128,2,2048,0.015625000000000003,0.015625000000000003,0.00017263349150062197,1,0.3677328464808714,0.039620669718959445
3,paper,6,5370251477816736958,128,2,2048,0.015625000000000003,0.015625000000000003,0.00017263349150062197,1,0.35598359192164014,0.038301419323539726
3,paper,7,5370251477816736958,128,2,2048,0.015625000000000003,0.015625000000000003,0.00017263349150062197,1,0.3599831036062831,0.038875190554888354
3,paper,8,5370251477816736958,128,2,2048,0.015625000000000003,0.015625000000000003,0.00017263349150062197,1,0.3623704357167247,0.039059263187683234
3,paper,9,5370251477816736958,128,2,2048,0.015625000000000003,0.015625000000000003,0.00017263349150062197,1,0.35898354882381855,0.038772867264235754
3,paper,10,5370251477816736958,128,2,2048,0.015625000000000003,0.015625000000000003,0.00017263349150062197,1,0.3551619734130284,0.0383086647151161
3,paper,11,5370251477816736958,128,2,2048,0.015625000000000003,0.015625000000000003,0.00017263349150062197,1,0.35811015607328905,0.03859625168818848
3,paper,12,5370251477816736958,128,2,2048,0.015625000000000003,0.015625000000000003,0.00017263349150062197,1,0.3560470425992664,0.038439352141593885
3,paper,13,5370251477816736958,128,2,2048,0.015625000000000003,0.015625000000000003,0.00017263349150062197,1,0.3600076158212412,0.03875087789290876
3,paper,14,5370251477816736958,128,2,2048,0.015625000000000003,0.015625000000000003,0.00017263349150062197,1,0.361654297851529,0.03903006756494567
3,paper,15,5370251477816736958,128,2,2048,0.015625000000000003,0.015625000000000003,0.00017263349150062197,1,0.3631499266644957,0.03905487384789185
3,paper,0,5323709540257942618,128,4,256,0.0625,0.0625,0.0009765625000000002,1,0.5204225349407896,0.05616289012066537
3,paper,1,5323709540257942618,128,4,256,0.0625,0.0625,0.0009765625000000002,1,0.5187146970291815,0.055828856303356565
3,paper,2,5323709540257942618,128,4,256,0.0625,0.0625,0.0009765625000000002,1,0.5249954556112824,0.05644362141647183
3,paper,3,5323709540257942618,128,4,256,0.0625,0.0625,0.0009765625000000002,1,0.5326673134753105,0.05733778279230398
3,paper,4,5323709540257942618,128,4,256,0.0625,0.0625,0.0009765625000000002,1,0.5199610971726383,0.056156074422181464
3,paper,5,5323709540257942618,128,4,256,0.0625,0.0625,0.0009765625000000002,1,0.5306082967734036,0.056894117016173175
3,paper,6,5323709540257942618,128,4,256,0.0625,0.0625,0.0009765625000000002,1,0.533197507473884,0.05738008792719998
3,paper,7,5323709540257942618,128,4,256,0.0625,0.0625,0.0009765625000000002,1,0.5386864339690325,0.05799070141166159
3,paper,8,5323709540257942618,128,4,256,0.0625,0.0625,0.0009765625000000002,1,0.5389552461126544,0.057862607926799016
3,paper,9,5323709540257942618,128,4,256,0.0625,0.0625,0.0009765625000000002,1,0.5235147256760434,0.0564523123390141
3,paper,10,5323709540257942618,128,4,256,0.0625,0.0625,0.0009765625000000002,1,0.5324744719100003,0.05770722953418561
3,paper,11,5323709540257942618,128,4,256,0.0625,0.0625,0.0009765625000000002,1,0.528452669458574,0.056728668591699734
3,paper,12,5323709540257942618,128,4,256,0.0625,0.0625,0.0009765625000000002,1,0.5281082534488,0.05687609524484361
3,paper,13,5323709540257942618,128,4,256,0.0625,0.0625,0.0009765625000000002,1,0.5355391132797954,0.05763163141145729
3,paper,14,5323709540257942618,128,4,256,0.0625,0.0625,0.0009765625000000002,1,0.5395198721068004,0.05757702971425979
3,paper,15,5323709540257942618,128,4,256,0.0625,0.0625,0.0009765625000000002,1,0.5325433940560776,0.0574019362976947
3,paper,0,896051463144092698,128,4,512,0.04419417382415922,0.04419417382415922,0.0005806675366224225,1,0.4442137775167547,0.04782093536148103
3,paper,1,896051463144092698,128,4,512,0.04419417382415922,0.04419417382415922,0.0005806675366224225,1,0.45104005062303487,0.04850037942828799
3,paper,2,896051463144092698,128,4,512,0.04419417382415922,0.04419417382415922,0.0005806675366224225,1,0.4415458679639608,0.04750341977787196
3,paper,3,896051463144092698,128,4,512,0.04419417382415922,0.04419417382415922,0.0005806675366224225,1,0.4399671907247943,0.04739315835977186
3,paper,4,896051463144092698,128,4,512,0.04419417382415922,0.04419417382415922,0.0005806675366224225,1,0.4454504206592269,0.04797112965714402
3,paper,5,896051463144092698,128,4,512,0.04419417382415922,0.04419417382415922,0.0005806675366224225,1,0.44737102314459715,0.04800329223895671
3,paper,6,896051463144092698,128,4,512,0.04419417382415922,0.04419417382415922,0.0005806675366224225,1,0.44489151233565466,0.047766652676235706
3,paper,7,896051463144092698,128,4,512,0.04419417382415922,0.04419417382415922,0.0005806675366224225,1,0.4392546962314892,0.0473191526622808
3,paper,8,896051463144092698,128,4,512,0.04419417382415922,0.04419417382415922,0.0005806675366224225,1,0.44822069442315354,0.04819669856386826
3,paper,9,896051463144092698,128,4,512,0.04419417382415922,0.04419417382415922,0.0005806675366224225,1,0.44744678231059914,0.04811961487742159
3,paper,10,896051463144092698,128,4,512,0.04419417382415922,0.04419417382415922,0.0005806675366224225,1,0.4498136739702475,0.04836678904452184
3,paper,11,896051463144092698,128,4,512,0.04419417382415922,0.04419417382415922,0.0005806675366224225,1,0.4562243312341206,0.04899965790135708
3,paper,12,896051463144092698,128,4,512,0.04419417382415922,0.04419417382415922,0.0005806675366224225,1,0.44278254772453185,0.04770013016610437
3,paper,13,896051463144092698,128,4,512,0.04419417382415922,0.04419417382415922,0.0005806675366224225,1,0.4462858554911114,0.04797893413858853
3,paper,14,896051463144092698,128,4,512,0.04419417382415922,0.04419417382415922,0.0005806675366224225,1,0.4407084755680009,0.04760837783463316
3,paper,15,896051463144092698,128,4,512,0.04419417382415922,0.04419417382415922,0.0005806675366224225,1,0.44462328482981395,0.047839528766022266
3,paper,0,18363226346174645888,128,4,1024,0.03125,0.03125,0.000345266983001244,1,0.37046630565311983,0.03994555112079398
3,paper,1,18363226346174645888,128,4,1024,0.03125,0.03125,0.000345266983001244,1,0.37218113552537685,0.04000926686582387
3,paper,2,18363226346174645888,128,4,1024,0.03125,0.03125,0.000345266983001244,1,0.36967076348985656,0.03979081542924558
3,paper,3,18363226346174645888,128,4,1024,0.03125,0.03125,0.000345266983001244,1,0.37388559323647963,0.04016892963795143
3,paper,4,18363226346174645888,128,4,1024,0.03125,0.03125,0.000345266983001244,1,0.370620967390328,0.03996383498719476
3,paper,5,18363226346174645888,128,4,1024,0.03125,0.03125,0.000345266983001244,1,0.36938342492443144,0.03990960559888776
3,paper,6,18363226346174645888,128,4,1024,0.03125,0.03125,0.000345266983001244,1,0.36677380753593397,0.03949398451153955
3,paper,7,18363226346174645888,128,4,1024,0.03125,0.03125,0.000345266983001244,1,0.3700164992642511,0.03963542257597523
3,paper,8,18363226346174645888,128,4,1024,0.03125,0.03125,0.000345266983001244,1,0.3703330781293594,0.03999621567015126
3,paper,9,18363226346174645888,128,4,1024,0.03125,0.03125,0.000345266983001244,1,0.37632045900234745,0.040456243389262146
3,paper,10,18363226346174645888,128,4,1024,0.03125,0.03125,0.000345266983001244,1,0.37111830469411583,0.03994988055259095
3,paper,11,18363226346174645888,128,4,1024,0.03125,0.03125,0.000345266983001244,1,0.3710215148198853,0.04006404335548788
3,paper,12,18363226346174645888,128,4,1024,0.03125,0.03125,0.000345266983001244,1,0.37092232494642113,0.039855617497681954
3,paper,13,18363226346174645888,128,4,1024,0.03125,0.03125,0.000345266983001244,1,0.36922703614410096,0.03974644306046608
3,paper,14,18363226346174645888,128,4,1024,0.03125,0.03125,0.000345266983001244,1,0.378708517540772,0.04063198240633728
3,paper,15,18363226346174645888,128,4,1024,0.03125,0.03125,0.000345266983001244,1,0.3647503757725623,0.039283382232409125
3,paper,0,9193750429788976606,128,4,2048,0.02209708691207961,0.02209708691207961,0.00020529697638030145,1,0.3106427472279837,0.03349955538377381
3,paper,1,9193750429788976606,128,4,2048,0.02209708691207961,0.02209708691207961,0.00020529697638030145,1,0.3088145283721018,0.033286421067378454
3,paper,2,9193750429788976606,128,4,2048,0.02209708691207961,0.02209708691207961,0.00020529697638030145,1,0.3080068095077038,0.033231352261947116
3,paper,3,9193750429788976606,128,4,2048,0.02209708691207961,0.02209708691207961,0.00020529697638030145,1,0.3085626035595507,0.03319571589099811
3,paper,4,9193750429788976606,128,4,2048,0.02209708691207961,0.02209708691207961,0.00020529697638030145,1,0.3115202818684324,0.03352720017001843
3,paper,5,9193750429788976606,128,4,2048,0.02209708691207961,0.02209708691207961,0.00020529697638030145,1,0.31297843975258544,0.03371390157239215
3,paper,6,9193750429788976606,128,4,2048,0.02209708691207961,0.02209708691207961,0.00020529697638030145,1,0.310760905494146,0.033437119005945926
3,paper,7,9193750429788976606,128,4,2048,0.02209708691207961,0.02209708691207961,0.00020529697638030145,1,0.3103274825723118,0.033434617421384136
3,paper,8,9193750429788976606,128,4,2048,0.02209708691207961,0.02209708691207961,0.00020529697638030145,1,0.31173908904047604,0.033466205550077545
3,paper,9,9193750429788976606,128,4,2048,0.02209708691207961,0.02209708691207961,0.00020529697638030145,1,0.3136056804048438,0.033690569760042983
3,paper,10,9193750429788976606,128,4,2048,0.02209708691207961,0.02209708691207961,0.00020529697638030145,1,0.3100976424008308,0.0334764320303735
3,paper,11,9193750429788976606,128,4,2048,0.02209708691207961,0.02209708691207961,0.00020529697638030145,1,0.30951381678756085,0.03333387750346569
3,paper,12,9193750429788976606,128,4,2048,0.02209708691207961,0.02209708691207961,0.00020529697638030145,1,0.3109911358599784,0.03345222996640368
3,paper,13,9193750429788976606,128,4,2048,0.02209708691207961,0.02209708691207961,0.00020529697638030145,1,0.3084270492212135,0.03327219163672275
3,paper,14,9193750429788976606,128,4,2048,0.02209708691207961,0.02209708691207961,0.00020529697638030145,1,0.3128470296181062,0.03363455768754278
3,paper,15,9193750429788976606,128,4,2048,0.02209708691207961,0.02209708691207961,0.00020529697638030145,1,0.30694721667465974,0.03312077681602922
3,paper,0,13691142467672863855,128,8,256,0.08838834764831845,0.08838834764831845,0.0011613350732448448,1,0.4401189402924827,0.04779903168626466
3,paper,1,13691142467672863855,128,8,256,0.08838834764831845,0.08838834764831845,0.0011613350732448448,1,0.44226643681767575,0.04785127191031482
3,paper,2,13691142467672863855,128,8,256,0.08838834764831845,0.08838834764831845,0.0011613350732448448,1,0.4407061929926092,0.04764867920388329
3,paper,3,13691142467672863855,128,8,256,0.08838834764831845,0.08838834764831845,0.0011613350732448448,1,0.44196444341944924,0.04781303418565293
3,paper,4,13691142467672863855,128,8,256,0.08838834764831845,0.08838834764831845,0.0011613350732448448,1,0.44065584959386034,0.047629869321842266
3,paper,5,13691142467672863855,128,8,256,0.08838834764831845,0.08838834764831845,0.0011613350732448448,1,0.4418050285459083,0.04787256873425324
3,paper,6,13691142467672863855,128,8,256,0.08838834764831845,0.08838834764831845,0.0011613350732448448,1,0.4482390535857252,0.04863603715940264
3,paper,7,13691142467672863855,128,8,256,0.08838834764831845,0.08838834764831845,0.0011613350732448448,1,0.43497674346190657,0.04721754108188201
3,paper,8,13691142467672863855,128,8,256,0.08838834764831845,0.08838834764831845,0.0011613350732448448,1,0.43948145775504927,0.04752122402003561
3,paper,9,13691142467672863855,128,8,256,0.08838834764831845,0.08838834764831845,0.0011613350732448448,1,0.43836578723845915,0.04736251147979827
3,paper,10,13691142467672863855,128,8,256,0.08838834764831845,0.08838834764831845,0.0011613350732448448,1,0.43790440623236465,0.047485750115506146
3,paper,11,13691142467672863855,128,8,256,0.08838834764831845,0.08838834764831845,0.0011613350732448448,1,0.4452443603064821,0.048183855679092225
3,paper,12,13691142467672863855,128,8,256,0.08838834764831845,0.08838834764831845,0.0011613350732448448,1,0.4418386551074114,0.04780907382648522
3,paper,13,13691142467672863855,128,8,256,0.08838834764831845,0.08838834764831845,0.0011613350732448448,1,0.44328983321598797,0.048052575605935566
3,paper,14,13691142467672863855,128,8,256,0.08838834764831845,0.08838834764831845,0.0011613350732448448,1,0.43919618659076204,0.047616048242082126
3,paper,15,13691142467672863855,128,8,256,0.08838834764831845,0.08838834764831845,0.0011613350732448448,1,0.44636000077373983,0.04844797027159586
3,paper,0,7334179619715967244,128,8,512,0.06250000000000001,0.06250000000000001,0.0006905339660024878,1,0.3688800115536488,0.03980115925818647
3,paper,1,7334179619715967244,128,8,512,0.06250000000000001,0.06250000000000001,0.0006905339660024878,1,0.3696631059519641,0.03991468941070285
3,paper,2,7334179619715967244,128,8,512,0.06250000000000001,0.06250000000000001,0.0006905339660024878,1,0.37049356289201907,0.04013544528288467
3,paper,3,7334179619715967244,128,8,512,0.06250000000000001,0.06250000000000001,0.0006905339660024878,1,0.3783669824490445,0.04077559934394705
3,paper,4,7334179619715967244,128,8,512,0.06250000000000001,0.06250000000000001,0.0006905339660024878,1,0.36706438047847867,0.039778387310211494
3,paper,5,7334179619715967244,128,8,512,0.06250000000000001,0.06250000000000001,0.0006905339660024878,1,0.3687602958942575,0.03990688658217037
3,paper,6,7334179619715967244,128,8,512,0.06250000000000001,0.06250000000000001,0.0006905339660024878,1,0.37058086090600506,0.03999360809459143
3,paper,7,7334179619715967244,128,8,512,0.06250000000000001,0.06250000000000001,0.0006905339660024878,1,0.37521462241927744,0.04053231573549183
3,paper,8,7334179619715967244,128,8,512,0.06250000000000001,0.06250000000000001,0.0006905339660024878,1,0.3666479155183571,0.03964748934033266
3,paper,9,7334179619715967244,128,8,512,0.06250000000000001,0.06250000000000001,0.0006905339660024878,1,0.37330923986684345,0.0403260717087045
3,paper,10,7334179619715967244,128,8,512,0.06250000000000001,0.06250000000000001,0.0006905339660024878,1,0.3736858028001421,0.04052936596707937
3,paper,11,7334179619715967244,128,8,512,0.06250000000000001,0.06250000000000001,0.0006905339660024878,1,0.36816671321254074,0.039850840520394684
3,paper,12,7334179619715967244,128,8,512,0.06250000000000001,0.06250000000000001,0.0006905339660024878,1,0.3706631784322032,0.040087139017547645
3,paper,13,7334179619715967244,128,8,512,0.06250000000000001,0.06250000000000001,0.0006905339660024878,1,0.36768787690179244,0.03983111396272166
3,paper,14,7334179619715967244,128,8,512,0.06250000000000001,0.06250000000000001,0.0006905339660024878,1,0.3690670289806317,0.039940936903891076
3,paper,15,7334179619715967244,128,8,512,0.06250000000000001,0.06250000000000001,0.0006905339660024878,1,0.37259846874462843,0.040179793270536224
3,paper,0,11234786121783941543,128,8,1024,0.04419417382415922,0.04419417382415922,0.00041059395276060284,1,0.3123562244374261,0.03367975989931141
3,paper,1,11234786121783941543,128,8,1024,0.04419417382415922,0.04419417382415922,0.00041059395276060284,1,0.3098641825949152,0.03346772885354746
3,paper,2,11234786121783941543,128,8,1024,0.04419417382415922,0.04419417382415922,0.00041059395276060284,1,0.309874565854293,0.033448916079370915
3,paper,3,11234786121783941543,128,8,1024,0.04419417382415922,0.04419417382415922,0.00041059395276060284,1,0.30845393443025765,0.03334758103354937
3,paper,4,11234786121783941543,128,8,1024,0.04419417382415922,0.04419417382415922,0.00041059395276060284,1,0.31021934318918054,0.033441471889799144
3,paper,5,11234786121783941543,128,8,1024,0.04419417382415922,0.04419417382415922,0.00041059395276060284,1,0.31205741063301473,0.03370557743191754
3,paper,6,11234786121783941543,128,8,1024,0.04419417382415922,0.04419417382415922,0.00041059395276060284,1,0.3084932328817624,0.033344814571503255
3,paper,7,11234786121783941543,128,8,1024,0.04419417382415922,0.04419417382415922,0.00041059395276060284,1,0.31152208944136284,0.03361975854237716
3,paper,8,11234786121783941543,128,8,1024,0.04419417382415922,0.04419417382415922,0.00041059395276060284,1,0.30978188026533104,0.03343354598765633
3,paper,9,11234786121783941543,128,8,1024,0.04419417382415922,0.04419417382415922,0.00041059395276060284,1,0.3097833573525734,0.03346091146358071
3,paper,10,11234786121783941543,128,8,1024,0.04419417382415922,0.04419417382415922,0.00041059395276060284,1,0.310577467573148,0.03350769569035367
3,paper,11,11234786121783941543,128,8,1024,0.04419417382415922,0.04419417382415922,0.00041059395276060284,1,0.31291231673348385,0.03374189235075933
3,paper,12,11234786121783941543,128,8,1024,0.04419417382415922,0.04419417382415922,0.00041059395276060284,1,0.3081291710054382,0.033320925697704666
3,paper,13,11234786121783941543,128,8,1024,0.04419417382415922,0.04419417382415922,0.00041059395276060284,1,0.3099012672036621,0.03345714533866923
3,paper,14,11234786121783941543,128,8,1024,0.04419417382415922,0.04419417382415922,0.00041059395276060284,1,0.30953496776991396,0.033490419693508015
3,paper,15,11234786121783941543,128,8,1024,0.04419417382415922,0.04419417382415922,0.00041059395276060284,1,0.30787263990270247,0.03322517626446668
3,paper,0,6805832096829634890,128,8,2048,0.03125000000000001,0.03125000000000001,0.00024414062499999997,1,0.26025994776666417,0.028036997963899826
3,paper,1,6805832096829634890,128,8,2048,0.03125000000000001,0.03125000000000001,0.00024414062499999997,1,0.2585550946234194,0.027885357146612486
3,paper,2,6805832096829634890,128,8,2048,0.03125000000000001,0.03125000000000001,0.00024414062499999997,1,0.2625070909506843,0.02830777054832654
3,paper,3,6805832096829634890,128,8,2048,0.03125000000000001,0.03125000000000001,0.00024414062499999997,1,0.25960238852262196,0.028039497425888217
3,paper,4,6805832096829634890,128,8,2048,0.03125000000000001,0.03125000000000001,0.00024414062499999997,1,0.2626153277687185,0.028335690294979364
3,paper,5,6805832096829634890,128,8,2048,0.03125000000000001,0.03125000000000001,0.00024414062499999997,1,0.2590116216353571,0.02794553890620455
3,paper,6,6805832096829634890,128,8,2048,0.03125000000000001,0.03125000000000001,0.00024414062499999997,1,0.25955257676706095,0.028066820740667624
3,paper,7,6805832096829634890,128,8,2048,0.03125000000000001,0.03125000000000001,0.00024414062499999997,1,0.26098365389847505,0.028177212083591148
3,paper,8,6805832096829634890,128,8,2048,0.03125000000000001,0.03125000000000001,0.00024414062499999997,1,0.25725275552754395,0.027777562647259994
3,paper,9,6805832096829634890,128,8,2048,0.03125000000000001,0.03125000000000001,0.00024414062499999997,1,0.2627292914653238,0.02832088527790926
3,paper,10,6805832096829634890,128,8,2048,0.03125000000000001,0.03125000000000001,0.00024414062499999997,1,0.26220089558074877,0.02833777438848897
3,paper,11,6805832096829634890,128,8,2048,0.03125000000000001,0.03125000000000001,0.00024414062499999997,1,0.26059238038347776,0.028119133658478065
3,paper,12,6805832096829634890,128,8,2048,0.03125000000000001,0.03125000000000001,0.00024414062499999997,1,0.2609373558112172,0.02811734619792304
3,paper,13,6805832096829634890,128,8,2048,0.03125000000000001,0.03125000000000001,0.00024414062499999997,1,0.2594064213669264,0.02803858586021761
3,paper,14,6805832096829634890,128,8,2048,0.03125000000000001,0.03125000000000001,0.00024414062499999997,1,0.26251126847776635,0.02827991732246864
3,paper,15,6805832096829634890,128,8,2048,0.03125000000000001,0.03125000000000001,0.00024414062499999997,1,0.2602343886130529,0.028091465740710586
